{"name":"1512652a-7303-4dfc-93c6-62c701399477","id":"/providers/Microsoft.Flow/flows/1512652a-7303-4dfc-93c6-62c701399477","type":"Microsoft.Flow/flows","properties":{"apiId":"/providers/Microsoft.PowerApps/apis/shared_logicflows","displayName":"[DEV] WILO Reminder","definition":{"metadata":{"workflowEntityId":null,"processAdvisorMetadata":null,"flowChargedByPaygo":null,"flowclientsuspensionreason":"None","flowclientsuspensiontime":null,"flowclientsuspensionreasondetails":null,"creator":{"id":"fae6f6a4-dfc0-4d5b-bb74-20971cf11e27","type":"User","tenantId":"4f6e1565-c2c7-43cb-8a4c-0981d022ce20"},"provisioningMethod":"FromDefinition","failureAlertSubscription":true,"clientLastModifiedTime":"2025-05-09T18:02:56.7936791Z","connectionKeySavedTimeKey":"2025-05-09T18:02:56.7936791Z","creationSource":null,"modifiedSources":"Portal"},"$schema":"https://schema.management.azure.com/providers/Microsoft.Logic/schemas/2016-06-01/workflowdefinition.json#","contentVersion":"undefined","parameters":{"$authentication":{"defaultValue":{},"type":"SecureObject"},"$connections":{"defaultValue":{},"type":"Object"}},"triggers":{"manual":{"type":"Request","kind":"Button","inputs":{"schema":{"type":"object","properties":{},"required":[]}}}},"actions":{"Send_an_HTTP_request_to_SharePoint":{"runAfter":{"Initialize_variable":["Succeeded"]},"type":"OpenApiConnection","inputs":{"parameters":{"dataset":"https://spo.bhpbilliton.com/sites/EnterpriseStrategy","parameters/method":"GET","parameters/uri":"_api/web/GetFolderByServerRelativeUrl('Shared%20Documents/Planning/WILOs')/files"},"host":{"apiId":"/providers/Microsoft.PowerApps/apis/shared_sharepointonline","connectionName":"shared_sharepointonline","operationId":"HttpRequest"},"authentication":{"value":"@json(decodeBase64(triggerOutputs().headers['X-MS-APIM-Tokens']))['$ConnectionKey']","type":"Raw"}}},"Apply_to_each":{"foreach":"@body('Send_an_HTTP_request_to_SharePoint')['d/results']","actions":{"Condition_1":{"actions":{"Set_variable_1":{"type":"SetVariable","inputs":{"name":"reminderList","value":"File with less than a day"}}},"else":{"actions":{"Condition":{"actions":{"Set_variable":{"type":"SetVariable","inputs":{"name":"reminderList","value":"@replace(items('Apply_to_each')['Author/__deferred/uri'], 'https://spo.bhpbilliton.com/sites/EnterpriseStrategy/', '')"}},"Send_an_HTTP_request_to_SharePoint_1":{"runAfter":{"Set_variable":["Succeeded"]},"type":"OpenApiConnection","inputs":{"parameters":{"dataset":"https://spo.bhpbilliton.com/sites/EnterpriseStrategy","parameters/method":"GET","parameters/uri":"@replace(items('Apply_to_each')['Author/__deferred/uri'], 'https://spo.bhpbilliton.com/sites/EnterpriseStrategy/', '')"},"host":{"apiId":"/providers/Microsoft.PowerApps/apis/shared_sharepointonline","connectionName":"shared_sharepointonline","operationId":"HttpRequest"},"authentication":{"value":"@json(decodeBase64(triggerOutputs().headers['X-MS-APIM-Tokens']))['$ConnectionKey']","type":"Raw"}}},"Send_an_email_(V2)":{"runAfter":{"Send_an_HTTP_request_to_SharePoint_1":["Succeeded"]},"type":"OpenApiConnection","inputs":{"parameters":{"emailMessage/To":"@body('Send_an_HTTP_request_to_SharePoint_1')['d/Email']","emailMessage/Subject":"[ES] WILO update reminder","emailMessage/Body":"<p class=\"editor-paragraph\">Hi there.</p><p class=\"editor-paragraph\">This a friendly automatic reminder to let you know your WILO file was not updated in the last 60 days.</p><p class=\"editor-paragraph\">Please take a look into it and make sure information there is up-to-date.</p><p class=\"editor-paragraph\">You will find your file in our shared folder <a href=\"https://spo.bhpbilliton.com/:f:/r/sites/EnterpriseStrategy/Shared%20Documents/Planning/WILOs?csf=1&amp;web=1&amp;e=Q7NjZk\" class=\"editor-link\">here</a>.</p><p class=\"editor-paragraph\">Regards.</p><p class=\"editor-paragraph\"><b><strong class=\"editor-text-bold\">PS: To reset this reminder, the modification date of your WILO file needs to be updated.</strong></b></p><br><p class=\"editor-paragraph\">--- This email was generated as part of EPS improvements actions ---</p><p class=\"editor-paragraph\"><i><em class=\"editor-text-italic\">Power by: Power Automate</em></i></p>","emailMessage/Importance":"High"},"host":{"apiId":"/providers/Microsoft.PowerApps/apis/shared_office365","connectionName":"shared_office365","operationId":"SendEmailV2"},"authentication":{"value":"@json(decodeBase64(triggerOutputs().headers['X-MS-APIM-Tokens']))['$ConnectionKey']","type":"Raw"}}}},"else":{"actions":{"Set_variable_2":{"type":"SetVariable","inputs":{"name":"reminderList","value":"File with less than 60 days"}}}},"expression":{"and":[{"greaterOrEquals":["@int(split(dateDifference(parseDateTime(items('Apply_to_each')['TimeLastModified']),utcNow()), '.')[0])",60]}]},"type":"If"}}},"expression":{"and":[{"less":["@length(split(dateDifference(parseDateTime(items('Apply_to_each')['TimeLastModified']), utcNow()), '.'))",3]}]},"type":"If"}},"runAfter":{"Send_an_HTTP_request_to_SharePoint":["Succeeded"]},"type":"Foreach"},"Initialize_variable":{"runAfter":{},"type":"InitializeVariable","inputs":{"variables":[{"name":"reminderList","type":"string"}]}}}},"connectionReferences":{"shared_sharepointonline":{"connectionName":"8b5ed65db4634a60bf41b81230088661","source":"Invoker","id":"/providers/Microsoft.PowerApps/apis/shared_sharepointonline","tier":"NotSpecified","apiName":"sharepointonline"},"shared_office365":{"connectionName":"shared-office365-671e691b-853a-4282-9858-a58d3c1c464f","source":"Invoker","id":"/providers/Microsoft.PowerApps/apis/shared_office365","tier":"NotSpecified","apiName":"office365"}},"flowFailureAlertSubscribed":false,"isManaged":false}}