{"name":"fe536f75-f1ea-48c7-bc7a-b15a91ccc492","id":"/providers/Microsoft.Flow/flows/fe536f75-f1ea-48c7-bc7a-b15a91ccc492","type":"Microsoft.Flow/flows","properties":{"apiId":"/providers/Microsoft.PowerApps/apis/shared_logicflows","displayName":"[DEV] Email Participation Analyzer","definition":{"metadata":{"workflowEntityId":null,"processAdvisorMetadata":null,"flowChargedByPaygo":null,"flowclientsuspensionreason":"None","flowclientsuspensiontime":null,"flowclientsuspensionreasondetails":null,"creator":{"id":"fae6f6a4-dfc0-4d5b-bb74-20971cf11e27","type":"User","tenantId":"4f6e1565-c2c7-43cb-8a4c-0981d022ce20"},"provisioningMethod":"FromDefinition","failureAlertSubscription":true,"clientLastModifiedTime":"2025-05-09T18:24:11.7887742Z","connectionKeySavedTimeKey":"2025-05-09T18:24:11.7887742Z","creationSource":null},"$schema":"https://schema.management.azure.com/providers/Microsoft.Logic/schemas/2016-06-01/workflowdefinition.json#","contentVersion":"undefined","parameters":{"$authentication":{"defaultValue":{},"type":"SecureObject"},"$connections":{"defaultValue":{},"type":"Object"}},"triggers":{"manual":{"metadata":{"operationMetadataId":"2d005ae5-bc34-4eaf-9afc-aaac1b634c85"},"type":"Request","kind":"Button","inputs":{"schema":{"type":"object","properties":{"text":{"description":"ES-TADO","title":"ProjectId","type":"string","x-ms-content-hint":"TEXT","x-ms-dynamically-added":true},"text_1":{"description":"fabian.arenas@bhp.com","title":"Email","type":"string","x-ms-content-hint":"TEXT","x-ms-dynamically-added":true}},"required":["text","text_1"]}}}},"actions":{"Send_an_HTTP_request":{"runAfter":{"Initialize_responseEmail":["Succeeded"]},"metadata":{"operationMetadataId":"65ff1ad7-74b4-481b-8cd8-63ef614f92ed"},"type":"OpenApiConnection","inputs":{"parameters":{"Uri":"https://graph.microsoft.com/v1.0/me/messages?$count=true&$filter=contains(subject,'@{triggerBody()?['text']}')&$select=sender, toRecipients, ccRecipients, bccRecipients","Method":"GET","ContentType":"application/json"},"host":{"apiId":"/providers/Microsoft.PowerApps/apis/shared_office365","connectionName":"shared_office365","operationId":"HttpRequest"},"authentication":{"value":"@json(decodeBase64(triggerOutputs().headers['X-MS-APIM-Tokens']))['$ConnectionKey']","type":"Raw"}}},"Compose_HTTP_response":{"runAfter":{"Send_an_HTTP_request":["Succeeded"]},"metadata":{"operationMetadataId":"19744627-bc28-410b-817c-960ad97db002"},"type":"Compose","inputs":"@body('Send_an_HTTP_request')['value']"},"Initialize_wgEmailArray":{"runAfter":{"Initialize_senderArray":["Succeeded"]},"type":"InitializeVariable","inputs":{"variables":[{"name":"wgEmailArray","type":"array","value":[]}]}},"Initialize_responseEmail":{"runAfter":{"Initialize_wgEmailArray":["Succeeded"]},"metadata":{"operationMetadataId":"953bcabe-700a-417c-bc9d-80ec33ff863b"},"type":"InitializeVariable","inputs":{"variables":[{"name":"responseEmail","type":"string","value":"\"\""}]}},"Initialize_senderArray":{"runAfter":{},"type":"InitializeVariable","inputs":{"variables":[{"name":"senderArray","type":"array","value":[]}]}},"Condition_HTTP_response_is_empty":{"actions":{"Set_variable_responseEmail_on_Failure":{"type":"SetVariable","inputs":{"name":"responseEmail","value":"<p>Hi there!</p>\n<p>Considering your request. We have performed a participation analyze over your initiative with ID <b>@{triggerBody()?['text']}</b>.</p>\n<p>Unfortunately, we didn't find any record associated with the mentioned initiative ID.</p>\n<p><b><em>Please double-check on the details provided and if you think that it's an issue with this automation, feel free to ping our <a href=\"mailto:fabian.arenas@bhp.com\"> undercover software engineer</a></em></b>.</p>\n<p>We have performed these analyze looking at <b>dfasfasd</b>'s mailbox.</p>\n<p>Regards and happy day!</p>\n<h6>This is an automated report generated by <em>Technology Strategy team</em> and powered by <em>MS Power Automate</em>.</h6>"}}},"runAfter":{"Compose_HTTP_response":["Succeeded"]},"else":{"actions":{"Parse_JSON_HTTP_response":{"metadata":{"operationMetadataId":"80c42068-c6af-4dde-b290-9a8da5eb2980"},"type":"ParseJson","inputs":{"content":"@outputs('Compose_HTTP_response')","schema":{"type":"array","items":{"type":"object","properties":{"@@odata.etag":{"type":"string"},"id":{"type":"string"},"sender":{"type":"object","properties":{"emailAddress":{"type":"object","properties":{"name":{"type":"string"},"address":{"type":"string"}}}}},"toRecipients":{"type":"array","items":{"type":"object","properties":{"emailAddress":{"type":"object","properties":{"name":{"type":"string"},"address":{"type":"string"}}}},"required":["emailAddress"]}},"ccRecipients":{"type":"array"},"bccRecipients":{"type":"array"}},"required":["@@odata.etag","id","sender","toRecipients","ccRecipients","bccRecipients"]}}}},"Scope_loop_for_HTTP_response":{"actions":{"For_each_sender":{"foreach":"@outputs('Parse_JSON_HTTP_response')['body']","actions":{"Compose_sender":{"type":"Compose","inputs":"@items('For_each_sender')['sender']"},"Parse_JSON_sender":{"runAfter":{"Compose_sender":["Succeeded"]},"type":"ParseJson","inputs":{"content":"@item()['sender']","schema":{"type":"object","properties":{"emailAddress":{"type":"object","properties":{"name":{"type":"string"},"address":{"type":"string"}}}}}}},"Append_to_wgEmailArray_from_sender":{"runAfter":{"Append_to_senderArray_from_sender":["Succeeded"]},"type":"AppendToArrayVariable","inputs":{"name":"wgEmailArray","value":"@body('Parse_JSON_sender')?['emailAddress']?['address']"}},"Append_to_senderArray_from_sender":{"runAfter":{"Parse_JSON_sender":["Succeeded"]},"type":"AppendToArrayVariable","inputs":{"name":"senderArray","value":{"email":"@body('Parse_JSON_sender')?['emailAddress']?['address']"}}}},"type":"Foreach"},"For_each_toRecipients":{"foreach":"@outputs('Parse_JSON_HTTP_response')['body']","actions":{"Compose_toRecipients":{"type":"Compose","inputs":"@items('For_each_toRecipients')['toRecipients']"},"Parse_JSON_toRecipients":{"runAfter":{"Compose_toRecipients":["Succeeded"]},"type":"ParseJson","inputs":{"content":"@outputs('Compose_toRecipients')","schema":{"type":"array","items":{"type":"object","properties":{"emailAddress":{"type":"object","properties":{"name":{"type":"string"},"address":{"type":"string"}}}},"required":["emailAddress"]}}}},"For_each_recipient_in_toRecipients":{"foreach":"@outputs('Parse_JSON_toRecipients')['body']","actions":{"Append_to_wgEmailArray_from_toRecipients":{"type":"AppendToArrayVariable","inputs":{"name":"wgEmailArray","value":"@items('For_each_recipient_in_toRecipients')?['emailAddress']?['address']"}}},"runAfter":{"Parse_JSON_toRecipients":["Succeeded"]},"type":"Foreach"}},"type":"Foreach"},"For_each_bccRecipients":{"foreach":"@outputs('Parse_JSON_HTTP_response')['body']","actions":{"Compose_bccRecipients":{"type":"Compose","inputs":"@items('For_each_bccRecipients')['bccRecipients']"},"Parse_JSON_bccRecipients":{"runAfter":{"Compose_bccRecipients":["Succeeded"]},"type":"ParseJson","inputs":{"content":"@outputs('Compose_bccRecipients')","schema":{"type":"array","items":{"type":"object","properties":{"emailAddress":{"type":"object","properties":{"name":{"type":"string"},"address":{"type":"string"}}}},"required":["emailAddress"]}}}},"For_each_recipients_in_bccRecipients":{"foreach":"@outputs('Parse_JSON_bccRecipients')['body']","actions":{"Append_to_wgEmailArray_from_bccRecipients":{"type":"AppendToArrayVariable","inputs":{"name":"wgEmailArray","value":"@items('For_each_recipients_in_bccRecipients')?['emailAddress']?['address']"}}},"runAfter":{"Parse_JSON_bccRecipients":["Succeeded"]},"type":"Foreach"}},"type":"Foreach"},"For_each_ccRecipients":{"foreach":"@outputs('Parse_JSON_HTTP_response')['body']","actions":{"Compose_ccRecipients":{"type":"Compose","inputs":"@items('For_each_ccRecipients')['ccRecipients']"},"Parse_JSON_ccRecipients":{"runAfter":{"Compose_ccRecipients":["Succeeded"]},"type":"ParseJson","inputs":{"content":"@outputs('Compose_ccRecipients')","schema":{"type":"array","items":{"type":"object","properties":{"emailAddress":{"type":"object","properties":{"name":{"type":"string"},"address":{"type":"string"}}}},"required":["emailAddress"]}}}},"For_each_recipients_in_ccRecipients":{"foreach":"@outputs('Parse_JSON_ccRecipients')['body']","actions":{"Append_to_wgEmailArray_from_ccRecipients":{"type":"AppendToArrayVariable","inputs":{"name":"wgEmailArray","value":"@items('For_each_recipients_in_ccRecipients')?['emailAddress']?['address']"}}},"runAfter":{"Parse_JSON_ccRecipients":["Succeeded"]},"type":"Foreach"}},"type":"Foreach"}},"runAfter":{"Parse_JSON_HTTP_response":["Succeeded"]},"type":"Scope"},"Compose_adjust_senderArray_to_XML_format":{"runAfter":{"Scope_loop_for_HTTP_response":["Succeeded"]},"type":"Compose","inputs":{"Root":{"Array":"@variables('senderArray')"}}},"Compose_generate_XML_from_senderArray":{"runAfter":{"Compose_adjust_senderArray_to_XML_format":["Succeeded"]},"type":"Compose","inputs":"@xml(outputs('Compose_adjust_senderArray_to_XML_format'))"},"Select_senderArray_with_qtyInteracions":{"runAfter":{"Compose_generate_XML_from_senderArray":["Succeeded"]},"type":"Select","inputs":{"from":"@union(variables('wgEmailArray'),variables('wgEmailArray'))","select":{"Email Account":"@item()","Qty of Emails Sent":"@length(xpath(outputs('Compose_generate_XML_from_senderArray'), concat('//Array[email/text() = \"',item(),'\"]')))"}}},"Create_HTML_table":{"runAfter":{"Select_senderArray_with_qtyInteracions":["Succeeded"]},"type":"Table","inputs":{"from":"@body('Select_senderArray_with_qtyInteracions')","format":"HTML"}},"Set_variable_responseEmail_on_Success":{"runAfter":{"Create_HTML_table":["Succeeded"]},"type":"SetVariable","inputs":{"name":"responseEmail","value":"<p>Hi there!</p>\n<p>Considering your request. We have performed a participation analyze over your initiative with ID <b>@{triggerBody()?['text']}</b>.</p>\n<p>These are the details we found:</p>\n<ul>\n   <li>There is a total of <b>@{length(body('Select_senderArray_with_qtyInteracions'))}</b> people involved in your project.</li>\n   <li><b>@{length(body('Parse_JSON_HTTP_response'))}</b> emails were sent in relation with your project.</li>\n   <li>Participation stats:</li>\n</ul>\n<center>@{body('Create_HTML_table')}</center>\n\n<p>Now you can consider the participation of your colleagues based on communication emails and determine if they <b>need special attention</b>.</p>\n<p>We have identified these details looking at <b>@{triggerBody()?['text_1']}</b>'s mailbox. We hope you use this information to improve in the approaches used with your working group members and take early measures to <b>ensure their engagement and collaboration</b>.</p>\n<p>Regards and happy day!</p>\n<h6>This is an automated report generated by <em>Technology Strategy team</em> and powered by <em>MS Power Automate</em>.</h6>"}}}},"expression":{"and":[{"equals":["@empty(outputs('Compose_HTTP_response'))","@true"]}]},"type":"If"},"Send_an_email_with_response":{"runAfter":{"Condition_HTTP_response_is_empty":["Succeeded"]},"type":"OpenApiConnection","inputs":{"parameters":{"emailMessage/To":"@triggerBody()?['text_1']","emailMessage/Subject":"[TS] Automated Report - Initiative Participation Analysis","emailMessage/Body":"<p class=\"editor-paragraph\">@{variables('responseEmail')}</p>","emailMessage/Cc":"fabian.arenas@bhp.com","emailMessage/Importance":"Normal"},"host":{"apiId":"/providers/Microsoft.PowerApps/apis/shared_office365","connectionName":"shared_office365","operationId":"SendEmailV2"},"authentication":{"value":"@json(decodeBase64(triggerOutputs().headers['X-MS-APIM-Tokens']))['$ConnectionKey']","type":"Raw"}}}},"description":"Allow to the user generate a simple report with insights related to the participation stats of a working group through the analyze of their interactions using emails"},"connectionReferences":{"shared_office365":{"connectionName":"shared-office365-671e691b-853a-4282-9858-a58d3c1c464f","source":"Invoker","id":"/providers/Microsoft.PowerApps/apis/shared_office365","tier":"NotSpecified","apiName":"office365"}},"flowFailureAlertSubscribed":false,"isManaged":false}}